{
  "id": "3551508",
  "name": "在线教育",
  "font_family": "iconfont",
  "css_prefix_text": "icon-",
  "description": "在线教育",
  "glyphs": [
    {
      "icon_id": "30912233",
      "name": "消息中心icon评论消息",
      "font_class": "xiaoxizhongxiniconpinglunxiaoxi",
      "unicode": "e631",
      "unicode_decimal": 58929
    },
    {
      "icon_id": "30912234",
      "name": "消息中心icon通知公告",
      "font_class": "xiaoxizhongxinicontongzhigonggao",
      "unicode": "e632",
      "unicode_decimal": 58930
    },
    {
      "icon_id": "30912235",
      "name": "消息中心icon温馨提示",
      "font_class": "xiaoxizhongxiniconwenxintishi",
      "unicode": "e633",
      "unicode_decimal": 58931
    },
    {
      "icon_id": "30912236",
      "name": "消息中心icon系统消息",
      "font_class": "xiaoxizhongxiniconxitongxiaoxi",
      "unicode": "e634",
      "unicode_decimal": 58932
    },
    {
      "icon_id": "30912237",
      "name": "已选",
      "font_class": "yixuan",
      "unicode": "e635",
      "unicode_decimal": 58933
    },
    {
      "icon_id": "30912238",
      "name": "选择",
      "font_class": "xuanze",
      "unicode": "e636",
      "unicode_decimal": 58934
    },
    {
      "icon_id": "30912239",
      "name": "消息中心icon最新活动",
      "font_class": "xiaoxizhongxiniconzuixinhuodong",
      "unicode": "e637",
      "unicode_decimal": 58935
    },
    {
      "icon_id": "30912190",
      "name": "back",
      "font_class": "back",
      "unicode": "e606",
      "unicode_decimal": 58886
    },
    {
      "icon_id": "30912191",
      "name": "class-bofang1",
      "font_class": "class-bofang1",
      "unicode": "e607",
      "unicode_decimal": 58887
    },
    {
      "icon_id": "30912192",
      "name": "class-Share",
      "font_class": "class-Share",
      "unicode": "e608",
      "unicode_decimal": 58888
    },
    {
      "icon_id": "30912193",
      "name": "class-bofang2",
      "font_class": "class-bofang2",
      "unicode": "e609",
      "unicode_decimal": 58889
    },
    {
      "icon_id": "30912196",
      "name": "class-bofang",
      "font_class": "class-bofang",
      "unicode": "e60c",
      "unicode_decimal": 58892
    },
    {
      "icon_id": "30912197",
      "name": "class-编辑icon",
      "font_class": "class-bianjiicon",
      "unicode": "e60d",
      "unicode_decimal": 58893
    },
    {
      "icon_id": "30912198",
      "name": "class-fanhui",
      "font_class": "class-fanhui",
      "unicode": "e60e",
      "unicode_decimal": 58894
    },
    {
      "icon_id": "30912199",
      "name": "ResourcesSearch",
      "font_class": "ResourcesSearch",
      "unicode": "e60f",
      "unicode_decimal": 58895
    },
    {
      "icon_id": "30912200",
      "name": "personal-set",
      "font_class": "personal-set",
      "unicode": "e610",
      "unicode_decimal": 58896
    },
    {
      "icon_id": "30912201",
      "name": "personal-about",
      "font_class": "personal-about",
      "unicode": "e611",
      "unicode_decimal": 58897
    },
    {
      "icon_id": "30912203",
      "name": "Shape",
      "font_class": "Shape",
      "unicode": "e613",
      "unicode_decimal": 58899
    },
    {
      "icon_id": "30912204",
      "name": "class-Star",
      "font_class": "class-Star",
      "unicode": "e614",
      "unicode_decimal": 58900
    },
    {
      "icon_id": "30912205",
      "name": "class-shezhi",
      "font_class": "class-shezhi",
      "unicode": "e615",
      "unicode_decimal": 58901
    },
    {
      "icon_id": "30912206",
      "name": "shouye-2",
      "font_class": "shouye-2",
      "unicode": "e616",
      "unicode_decimal": 58902
    },
    {
      "icon_id": "30912207",
      "name": "personal-lishi",
      "font_class": "personal-lishi",
      "unicode": "e617",
      "unicode_decimal": 58903
    },
    {
      "icon_id": "30912208",
      "name": "personal-help",
      "font_class": "personal-help",
      "unicode": "e618",
      "unicode_decimal": 58904
    },
    {
      "icon_id": "30912210",
      "name": "shouye-8",
      "font_class": "shouye-8",
      "unicode": "e61a",
      "unicode_decimal": 58906
    },
    {
      "icon_id": "30912212",
      "name": "QQ",
      "font_class": "QQ",
      "unicode": "e61c",
      "unicode_decimal": 58908
    },
    {
      "icon_id": "30912213",
      "name": "Star",
      "font_class": "Star",
      "unicode": "e61d",
      "unicode_decimal": 58909
    },
    {
      "icon_id": "30912214",
      "name": "shouye-5",
      "font_class": "shouye-5",
      "unicode": "e61e",
      "unicode_decimal": 58910
    },
    {
      "icon_id": "30912215",
      "name": "class-pinglun",
      "font_class": "class-pinglun",
      "unicode": "e61f",
      "unicode_decimal": 58911
    },
    {
      "icon_id": "30912216",
      "name": "weixin",
      "font_class": "weixin",
      "unicode": "e620",
      "unicode_decimal": 58912
    },
    {
      "icon_id": "30912218",
      "name": "shouye-7",
      "font_class": "shouye-7",
      "unicode": "e622",
      "unicode_decimal": 58914
    },
    {
      "icon_id": "30912223",
      "name": "shouye-10",
      "font_class": "shouye-10",
      "unicode": "e627",
      "unicode_decimal": 58919
    },
    {
      "icon_id": "30912225",
      "name": "shouye-9",
      "font_class": "shouye-9",
      "unicode": "e629",
      "unicode_decimal": 58921
    },
    {
      "icon_id": "30912226",
      "name": "class-download",
      "font_class": "class-download",
      "unicode": "e62a",
      "unicode_decimal": 58922
    },
    {
      "icon_id": "30912227",
      "name": "首页icon",
      "font_class": "shouyeicon",
      "unicode": "e62b",
      "unicode_decimal": 58923
    },
    {
      "icon_id": "30912228",
      "name": "shouye-4",
      "font_class": "shouye-4",
      "unicode": "e62c",
      "unicode_decimal": 58924
    },
    {
      "icon_id": "30912229",
      "name": "weibo",
      "font_class": "weibo",
      "unicode": "e62d",
      "unicode_decimal": 58925
    },
    {
      "icon_id": "30912231",
      "name": "消息中心icon工作提醒",
      "font_class": "xiaoxizhongxinicongongzuotixing",
      "unicode": "e62f",
      "unicode_decimal": 58927
    },
    {
      "icon_id": "30912232",
      "name": "消息中心icon规章制度",
      "font_class": "xiaoxizhongxiniconguizhangzhidu",
      "unicode": "e630",
      "unicode_decimal": 58928
    }
  ]
}
